xsec_exp_NP_profiled,xsec_p2s_NP_profiled,xsec_p1s_NP_profiled,xsec_m1s_NP_profiled,xsec_m2s_NP_profiled,xsec_obs_NP_profiled,parameter,channel
0.713257,0.617457,0.27939,0.199316,0.330434,0.850952,260,Combined
0.764844,0.662116,0.299598,0.213732,0.354333,0.739451,275,Combined
0.77205,0.668353,0.30242,0.215745,0.357671,0.845705,280,Combined
0.716556,0.620313,0.280683,0.200238,0.331962,0.86882,300,Combined
0.533328,0.461695,0.20891,0.149036,0.247077,0.564852,325,Combined
0.41087,0.355684,0.160942,0.114815,0.190345,0.418647,350,Combined
0.305096,0.264117,0.119509,0.0852574,0.141343,0.335149,400,Combined
0.169282,0.146546,0.0663097,0.0473051,0.0784242,0.181699,450,Combined
0.129149,0.111803,0.0505891,0.0360901,0.0598315,0.137673,500,Combined
