xsec_exp_NP_profiled,xsec_p2s_NP_profiled,xsec_p1s_NP_profiled,xsec_m1s_NP_profiled,xsec_m2s_NP_profiled,xsec_obs_NP_profiled,parameter,channel
0.134933,0.11681,0.0528547,0.0377063,0.0625109,0.139799,500,Combined
0.115952,0.100378,0.0454195,0.032402,0.0537174,0.0592041,550,Combined
0.0773806,0.0669874,0.0303108,0.0216236,0.0358484,0.0467275,600,Combined
0.0507854,0.0439642,0.0198932,0.0141917,0.0235276,0.033762,700,Combined
0.0385158,0.0333426,0.015087,0.010763,0.0178434,0.0528363,800,Combined
0.0302359,0.0261748,0.0118437,0.00844925,0.0140075,0.028282,900,Combined
0.0245437,0.0212471,0.00961402,0.0068586,0.0113705,0.0215547,1000,Combined
