,xsec_exp_NP_profiled,xsec_p2s_NP_profiled,xsec_p1s_NP_profiled,xsec_m1s_NP_profiled,xsec_m2s_NP_profiled,xsec_obs_NP_profiled,order,ref
combined,2.8460137363697706,5.743080289536547,4.059786048429501,2.0507104887493415,1.5275289451577925,2.693199090889525,1,EPJC 101
bbWW,29,62,43,20,12,40,2,EPJC 202
bbyy,5.775972572239431,13.094635766613393,8.59802532765183,4.161908069961952,3.1001133893989437,4.317283900718891,10,EPJC 303
bbtautau,3.5351115862592684,7.172264612161535,5.0409223140103885,2.5472436468589508,1.89738552676898,4.00051209172545,11,EPJC 404
