,xsec_exp_NP_profiled,xsec_p2s_NP_profiled,xsec_p1s_NP_profiled,xsec_m1s_NP_profiled,xsec_m2s_NP_profiled,xsec_obs_NP_profiled,order,ref
combined36,10,19,14,7,5,6.9,1,Phys. Lett. B 800 (2020) 135103
bbWW2l,29,62,43,20,14,40,2,Phys. Lett. B 801 (2020) 135145
bbyy139,5.775972572239431,13.094635766613393,8.59802532765183,4.161908069961952,3.1001133893989437,4.317283900718891,10,Place-Holder
bbtautau139,3.5351115862592684,7.172264612161535,5.0409223140103885,2.5472436468589508,1.89738552676898,4.00051209172545,11,Place-Holder
